Stock Name,1D Change,Day P&L ($),Quantity,LTP ($),Avg Buy Price ($),Invested Amount ($),Current Value ($),Weight,P&L ($)
Avantis® U.S. Small Cap Value ETF,0.59,0.47,0.67067,120.74,121.91,81.76,80.97,13.77,-0.78
Alphabet Inc Class A,0.87,0.32,0.10899,346.51,342.31,37.3,37.76,6.42,0.45
Grab Holdings Ltd,2.88,1.69,19,3.16,3.3,62.8,60.21,10.24,-2.59
Nu Holdings Ltd,13.14,0.66,0.37736,15.19,13.82,5.21,5.73,0.97,0.51
Schwab U.S. Dividend Equity ETF,-0.01,-0.01,2.29485,32.71,33.02,75.78,75.07,12.76,-0.71
VanEck Semiconductor ETF,0.52,0.33,0.10234,633.89,607.07,62.12,64.87,11.03,2.74
SoundHound AI Inc,0.65,0.26,7,5.87,6.54,45.82,41.14,6.99,-4.68
Space Exploration Technologies Corp. Class A Common Stock,7.5,2.17,0.18207,170.88,165.71,30.17,31.11,5.29,0.94
T-Mobile US Inc,0.57,0.02,0.02941,164.57,177.5,5.22,4.84,0.82,-0.38
Vanguard S&P 500 ETF,0.65,0.93,0.20068,712.18,689.82,138.43,142.92,24.3,4.48
Vanguard Total International Stock Index Fund ETF Shares,0.48,0.2,0.50402,85.84,85.06,42.87,43.26,7.35,0.39